Identifier,Email,OrganizationName,PositionName,LastName,FirstName,PostalAddress,PostalCode,City,Country,Voice,Facsimile,WebsiteUrl,WebsiteName,ORCID,OrganisationIdentifier
id:veronique.chaffard@ird.fr,veronique.chaffard@ird.fr,,,Chaffard,Véronique,,,,,,,,,,ResearchGroup:201722374A
"orcid:0000-0002-3100-8510_
id:sylvie.galle@ird.fr",sylvie.galle@ird.fr,,,Galle,Sylvie,,,,,,,,,0000-0002-3100-8510,ResearchGroup:201722374A
id:ibrahimbm1958@gmail.com,ibrahimbm1958@gmail.com,,,Bouzou Moussa,Ibrahim,,,,,,,,,,ResearchGroup:Département de géographie - Université Abdou Moumouni
id:jean-martial.cohard@univ-grenoble-alpes.fr,jean-martial.cohard@univ-grenoble-alpes.fr,,,Cohard,Jean-Martial,,,,,,,,,,
